종목코드,종목명,시장구분,업종명,종가,대비,등락률,시가총액
"095570","AJ네트웍스","KOSPI","일반서비스","4375","-75","-1.69","197980820625"
"006840","AK홀딩스","KOSPI","기타금융","6600","-20","-0.30","87433902600"
"027410","BGF","KOSPI","기타금융","4250","-110","-2.52","406796361750"
"282330","BGF리테일","KOSPI","유통","120000","-8200","-6.40","2074068720000"
"138930","BNK금융지주","KOSPI","기타금융","18170","-300","-1.62","5638642189610"
"001460","BYC","KOSPI","섬유·의류","37000","-400","-1.07","231107550000"
"001465","BYC우","KOSPI","섬유·의류","24850","-100","-0.40","53523172500"
"001040","CJ","KOSPI","기타금융","183000","-3800","-2.03","5339390634000"
"079160","CJ CGV","KOSPI","오락·문화","4710","-20","-0.42","779893438410"
"00104K","CJ4우(전환)","KOSPI","기타금융","168200","-1300","-0.77","710899318400"
"000120","CJ대한통운","KOSPI","운송·창고","84700","-2600","-2.98","1932205536800"
"011150","CJ씨푸드","KOSPI","음식료·담배","2110","0","0.00","75813931030"
"011155","CJ씨푸드1우","KOSPI","음식료·담배","9700","-10","-0.10","1940000000"
"001045","CJ우","KOSPI","기타금융","76200","300","0.40","172228992600"
"097950","CJ제일제당","KOSPI","음식료·담배","197300","-3200","-1.60","2970190897800"
"097955","CJ제일제당 우","KOSPI","음식료·담배","123600","-1200","-0.96","164070718800"
"000480","CR홀딩스","KOSPI","비금속","4885","0","0.00","229060043650"
"000590","CS홀딩스","KOSPI","기타금융","75000","2200","3.02","86586150000"
"012030","DB","KOSPI","IT 서비스","1906","-99","-4.94","383437516298"
"005830","DB손해보험","KOSPI","보험","151500","-1900","-1.24","9923302873500"
"016610","DB증권","KOSPI","증권","10690","-410","-3.69","453751898410"
"000990","DB하이텍","KOSPI","전기·전자","158500","500","0.32","6895477198000"
"000300","DH오토넥스","KOSPI","운송장비·부품","4200","0","0.00","174035631000"
"001530","DI동일","KOSPI","유통","23850","600","2.58","494067560850"
"015590","DKME","KOSPI","기계·장비","2245","40","1.81","119874711460"
"000210","DL","KOSPI","화학","54100","-700","-1.28","1133713324400"
"000215","DL우","KOSPI","화학","24350","-500","-2.01","41056900250"
"375500","DL이앤씨","KOSPI","건설","85000","-4400","-4.92","3288957955000"
"37550L","DL이앤씨2우(전환)","KOSPI","건설","53500","-2300","-4.12","112989378500"
"37550K","DL이앤씨우","KOSPI","건설","26250","-800","-2.96","55489481250"
"007340","DN오토모티브","KOSPI","전기·전자","45100","450","1.01","2638840011500"
"004840","DRB동일","KOSPI","화학","4520","-35","-0.77","87111085280"
"155660","DSR","KOSPI","금속","4350","30","0.69","69600000000"
"069730","DSR제강","KOSPI","금속","5230","-70","-1.32","75312000000"
"017860","DS단석","KOSPI","화학","14560","-70","-0.48","258573063840"
"092780","DYP","KOSPI","운송장비·부품","4215","-125","-2.88","55505058900"
"017940","E1","KOSPI","유통","85400","-2200","-2.51","585844000000"
"365550","ESR켄달스퀘어리츠","KOSPI","부동산","3990","105","2.70","981895110000"
"383220","F&F","KOSPI","섬유·의류","83000","2900","3.62","3179487225000"
"007700","F&F홀딩스","KOSPI","기타금융","16830","-220","-1.29","658294796610"
"114090","GKL","KOSPI","오락·문화","11680","-20","-0.17","722474225600"
"078930","GS","KOSPI","기타금융","72900","-6300","-7.95","6772081585500"
"006360","GS건설","KOSPI","건설","29450","-2400","-7.54","2520374880500"
"001250","GS글로벌","KOSPI","유통","3225","-125","-3.73","266171388900"
"007070","GS리테일","KOSPI","유통","23900","-1700","-6.64","1998217218500"
"078935","GS우","KOSPI","기타금융","54400","-1400","-2.51","96814374400"
"499790","GS피앤엘","KOSPI","기타금융","46100","-2650","-5.44","914201770100"
"012630","HDC","KOSPI","기타금융","21550","-900","-4.01","1287434087550"
"039570","HDC랩스","KOSPI","건설","7850","-50","-0.63","203767167850"
"089470","HDC현대EP","KOSPI","화학","4105","-80","-1.91","130949500000"
"267270","HD건설기계","KOSPI","기계·장비","155900","1300","0.84","7471023742300"
"009540","HD한국조선해양","KOSPI","기타금융","434000","-4500","-1.03","30715532344000"
"267250","HD현대","KOSPI","기타금융","262500","-9500","-3.49","20735684812500"
"443060","HD현대마린솔루션","KOSPI","일반서비스","246500","-9000","-3.52","11051447890000"
"071970","HD현대마린엔진","KOSPI","기계·장비","75300","3300","4.58","2554288573500"
"322000","HD현대에너지솔루션","KOSPI","전기·전자","159900","-5600","-3.38","1790880000000"
"267260","HD현대일렉트릭","KOSPI","전기·전자","1120000","6000","0.54","40372791200000"
"329180","HD현대중공업","KOSPI","운송장비·부품","707000","9000","1.29","74207586075000"
"097230","HJ중공업","KOSPI","건설","23900","950","4.14","2158058721600"
"014790","HL D&I","KOSPI","건설","2790","5","0.18","105625496790"
"003580","HLB글로벌","KOSPI","유통","1642","52","3.27","83189475210"
"204320","HL만도","KOSPI","운송장비·부품","73900","-3000","-3.90","3470131168000"
"060980","HL홀딩스","KOSPI","기타금융","46350","-2350","-4.83","420804558450"
"011200","HMM","KOSPI","운송·창고","22100","-50","-0.23","20845559137000"
"035000","HS애드","KOSPI","일반서비스","7200","-60","-0.83","116695036800"
"002460","HS화성","KOSPI","건설","13500","-120","-0.88","137025000000"
"487570","HS효성","KOSPI","기타금융","53800","-200","-0.37","200454872600"
"298050","HS효성첨단소재","KOSPI","화학","204000","-3000","-1.45","913909392000"
"015360","INVENI","KOSPI","일반서비스","15160","-50","-0.33","413110000000"
"294870","IPARK현대산업개발","KOSPI","건설","20400","-350","-1.69","1344509532000"
"175330","JB금융지주","KOSPI","기타금융","27250","-1000","-3.54","5129910164000"
"234080","JW생명과학","KOSPI","제약","11530","50","0.44","182572407620"
"001060","JW중외제약","KOSPI","제약","27900","650","2.39","649677447000"
"001067","JW중외제약2우B","KOSPI","제약","41000","-2950","-6.71","8608893000"
"001065","JW중외제약우","KOSPI","제약","21200","150","0.71","7249361200"
"096760","JW홀딩스","KOSPI","기타금융","3910","5","0.13","289046523220"
"008970","KBI동양철관","KOSPI","금속","1550","120","8.39","160838705850"
"105560","KB금융","KOSPI","기타금융","164000","-8000","-4.65","58168788376000"
"415640","KB발해인프라","KOSPI","기타금융","10050","40","0.40","1231582757400"
"432320","KB스타리츠","KOSPI","부동산","1405","15","1.08","211823820425"
"002380","KCC","KOSPI","화학","549000","-11000","-1.96","4717499904000"
"344820","KCC글라스","KOSPI","비금속","24300","150","0.62","388083441600"
"009070","KCTC","KOSPI","운송·창고","4660","-5","-0.11","139800000000"
"009440","KC그린홀딩스","KOSPI","기타금융","756","0","0.00","17568790596"
"119650","KC코트렐","KOSPI","기계·장비","918","0","0.00","100782913662"
"092220","KEC","KOSPI","전기·전자","4045","-135","-3.23","162417380260"
"003620","KG모빌리티","KOSPI","운송장비·부품","3225","-30","-0.92","652659091200"
"016380","KG스틸","KOSPI","금속","5850","-260","-4.26","585052047450"
"001390","KG케미칼","KOSPI","화학","4700","-40","-0.84","315995241000"
"001940","KISCO홀딩스","KOSPI","금속","24350","0","0.00","345194853000"
"025000","KPX케미칼","KOSPI","화학","51300","0","0.00","224627771700"
"092230","KPX홀딩스","KOSPI","화학","82900","-200","-0.24","350223153400"
"000040","KR모터스","KOSPI","운송장비·부품","343","4","1.18","29626688112"
"044450","KSS해운","KOSPI","운송·창고","10060","-10","-0.10","232243952800"
"030200","KT","KOSPI","통신","55300","-1300","-2.30","13936799180500"
"033780","KT&G","KOSPI","음식료·담배","187200","2200","1.19","19433317363200"
"058850","KTcs","KOSPI","IT 서비스","2415","-30","-1.23","99991746750"
"058860","KTis","KOSPI","IT 서비스","2650","-40","-1.49","92225300000"
"093050","LF","KOSPI","섬유·의류","23800","200","0.85","695912000000"
"003550","LG","KOSPI","기타금융","112500","-1600","-1.40","17009100450000"
"034220","LG디스플레이","KOSPI","전기·전자","13770","-160","-1.15","6885000000000"
"051900","LG생활건강","KOSPI","화학","239500","-7000","-2.84","3586637758500"
"051905","LG생활건강우","KOSPI","화학","104300","-2700","-2.52","218639813700"
"064400","LG씨엔에스","KOSPI","IT 서비스","92400","-500","-0.54","8952261595200"
"373220","LG에너지솔루션","KOSPI","전기·전자","416000","5500","1.34","97344000000000"
"003555","LG우","KOSPI","기타금융","69500","-1200","-1.70","209278330500"
"032640","LG유플러스","KOSPI","통신","15600","-660","-4.06","6621072619200"
"011070","LG이노텍","KOSPI","전기·전자","1248000","12000","0.97","29536549536000"
"066570","LG전자","KOSPI","전기·전자","234500","500","0.21","38196447611000"
"066575","LG전자우","KOSPI","전기·전자","79600","-2400","-2.93","1367631400400"
"037560","LG헬로비전","KOSPI","오락·문화","2175","-50","-2.25","168446931375"
"051910","LG화학","KOSPI","화학","361000","-6500","-1.77","25483835823000"
"051915","LG화학우","KOSPI","화학","163600","-700","-0.43","1257887680000"
"079550","LIG디펜스앤에어로스페이스","KOSPI","금속","950000","-52000","-5.19","20900000000000"
"006260","LS","KOSPI","기타금융","433000","9000","2.12","13509600000000"
"010120","LS ELECTRIC","KOSPI","전기·전자","255000","-2500","-0.97","38250000000000"
"000680","LS네트웍스","KOSPI","유통","3200","-15","-0.47","252169651200"
"229640","LS에코에너지","KOSPI","기타금융","72000","5500","8.27","2204991288000"
"108320","LX세미콘","KOSPI","전기·전자","49200","-550","-1.11","800203560000"
"001120","LX인터내셔널","KOSPI","유통","39650","-2850","-6.71","1536834000000"
"108670","LX하우시스","KOSPI","화학","34100","-800","-2.29","305797547000"
"108675","LX하우시스우","KOSPI","화학","16710","-240","-1.42","17250234300"
"383800","LX홀딩스","KOSPI","기타금융","8140","-80","-0.97","620924816600"
"38380K","LX홀딩스1우","KOSPI","기타금융","8060","60","0.75","11810197100"
"023150","MH에탄올","KOSPI","음식료·담배","4310","-70","-1.60","31801447060"
"035420","NAVER","KOSPI","IT 서비스","243500","1500","0.62","38202147158000"
"036570","NC","KOSPI","IT 서비스","266500","5500","2.11","5741481863000"
"181710","NHN","KOSPI","IT 서비스","38900","200","0.52","1274097107100"
"400760","NH올원리츠","KOSPI","부동산","3095","30","0.98","170006106125"
"005940","NH투자증권","KOSPI","증권","32350","-500","-1.52","11527740337150"
"005945","NH투자증권우","KOSPI","증권","25100","-200","-0.79","473661296800"
"338100","NH프라임리츠","KOSPI","부동산","3850","120","3.22","71841000000"
"034310","NICE","KOSPI","일반서비스","12080","-90","-0.74","444026456560"
"030190","NICE평가정보","KOSPI","IT 서비스","14460","-220","-1.50","851860680420"
"008260","NI스틸","KOSPI","금속","3145","25","0.80","89947367965"
"004250","NPC","KOSPI","화학","3160","25","0.80","116035200000"
"004255","NPC우","KOSPI","화학","2065","0","0.00","10903200000"
"456040","OCI","KOSPI","화학","107700","1100","1.03","964183711500"
"010060","OCI홀딩스","KOSPI","기타금융","299500","-18500","-5.82","5591734484000"
"178920","PI첨단소재","KOSPI","화학","23350","-150","-0.64","685703618700"
"001340","PKC","KOSPI","화학","5990","-170","-2.76","269718253110"
"005490","POSCO홀딩스","KOSPI","금속","384500","-5500","-1.41","30468367131500"
"010950","S-Oil","KOSPI","화학","109800","-4300","-3.77","12361590561600"
"010955","S-Oil우","KOSPI","화학","57100","-800","-1.38","229652031700"
"034120","SBS","KOSPI","오락·문화","12930","60","0.47","239867507340"
"003080","SB성보","KOSPI","화학","2270","20","0.89","45445400000"
"005090","SGC에너지","KOSPI","전기·가스","56300","-200","-0.35","811245447900"
"001380","SG글로벌","KOSPI","운송장비·부품","1503","-2","-0.13","33790552713"
"004060","SG세계물산","KOSPI","유통","2965","-15","-0.50","60019000640"
"001770","SHD","KOSPI","금속","13060","-30","-0.23","15866306680"
"002360","SH에너지화학","KOSPI","화학","1998","-22","-1.09","22204519254"
"009160","SIMPAC","KOSPI","금속","4560","40","0.88","298091614080"
"033530","SJG세종","KOSPI","운송장비·부품","7000","-230","-3.18","194746727000"
"123700","SJM","KOSPI","운송장비·부품","3390","25","0.74","52900604220"
"025530","SJM홀딩스","KOSPI","유통","3560","-80","-2.20","53165068480"
"034730","SK","KOSPI","기타금융","708000","35000","5.20","51331913724000"
"011790","SKC","KOSPI","화학","142400","-2200","-1.52","7062797635200"
"018670","SK가스","KOSPI","유통","221500","-9500","-4.11","2050479546000"
"001740","SK네트웍스","KOSPI","유통","11880","-120","-1.00","2383055401320"
"006120","SK디스커버리","KOSPI","기타금융","47250","-100","-0.21","822799734750"
"006125","SK디스커버리우","KOSPI","기타금융","38850","-400","-1.02","47851739250"
"210980","SK디앤디","KOSPI","부동산","11660","40","0.34","217078674120"
"395400","SK리츠","KOSPI","부동산","5880","50","0.86","1769983605600"
"302440","SK바이오사이언스","KOSPI","제약","41150","1150","2.88","3228487155950"
"326030","SK바이오팜","KOSPI","일반서비스","90400","1700","1.92","7079517800000"
"402340","SK스퀘어","KOSPI","기타금융","1596000","95000","6.33","210605584056000"
"361610","SK아이이테크놀로지","KOSPI","전기·전자","19340","-650","-3.25","1581762514000"
"100090","SK오션플랜트","KOSPI","금속","19670","-1780","-8.30","1228944797430"
"03473K","SK우","KOSPI","기타금융","435000","16000","3.82","246268725000"
"096770","SK이노베이션","KOSPI","화학","109000","-3500","-3.11","18426753892000"
"096775","SK이노베이션우","KOSPI","화학","63700","-1100","-1.70","79524736200"
"475150","SK이터닉스","KOSPI","건설","52400","-3400","-6.09","1785111009600"
"001510","SK증권","KOSPI","증권","3160","-40","-1.25","730892468600"
"001515","SK증권우","KOSPI","증권","5350","-300","-5.31","10465974950"
"285130","SK케미칼","KOSPI","화학","45750","-950","-2.03","791418544500"
"28513K","SK케미칼우","KOSPI","화학","23100","-250","-1.07","48866409900"
"017670","SK텔레콤","KOSPI","통신","99000","-1100","-1.10","21264215247000"
"000660","SK하이닉스","KOSPI","전기·전자","2521000","139000","5.84","1796722662165000"
"003570","SNT다이내믹스","KOSPI","운송장비·부품","45300","-1250","-2.69","1506347174100"
"064960","SNT모티브","KOSPI","운송장비·부품","30850","150","0.49","818767391200"
"100840","SNT에너지","KOSPI","기계·장비","37550","800","2.18","776563401650"
"036530","SNT홀딩스","KOSPI","기타금융","52400","-100","-0.19","854323626400"
"000390","SP삼화","KOSPI","화학","6780","160","2.42","184439519820"
"011810","STX","KOSPI","유통","3530","0","0.00","109493282310"
"465770","STX그린로지스","KOSPI","운송·창고","2675","10","0.38","19182510600"
"077970","STX엔진","KOSPI","기계·장비","37750","2150","6.04","1515589378250"
"002820","SUN&L","KOSPI","화학","1983","-52","-2.56","25001642187"
"002170","SYTS","KOSPI","섬유·의류","54000","-1200","-2.17","162000000000"
"084870","TBH글로벌","KOSPI","섬유·의류","1847","-27","-1.44","37786398832"
"002710","TCC스틸","KOSPI","금속","13530","380","2.89","354671320410"
"069260","TKG휴켐스","KOSPI","화학","17290","580","3.47","706790786520"
"007980","TP","KOSPI","섬유·의류","1838","-1","-0.05","86197329300"
"002900","TYM","KOSPI","기계·장비","6730","-10","-0.15","278622000000"
"024070","WISCOM","KOSPI","화학","1914","0","0.00","29334802332"
"037270","YG PLUS","KOSPI","IT 서비스","3925","65","1.68","249877706750"
"139130","iM금융지주","KOSPI","기타금융","17820","-290","-1.60","2862330069060"
"000500","가온전선","KOSPI","전기·전자","341000","78500","29.90","5641202215000"
"000860","강남제비스코","KOSPI","화학","13500","100","0.75","175500000000"
"035250","강원랜드","KOSPI","오락·문화","15540","-630","-3.90","3324635370000"
"011420","갤럭시아에스엠","KOSPI","오락·문화","1430","0","0.00","39395990920"
"002100","경농","KOSPI","화학","9380","-20","-0.21","183121753500"
"009450","경동나비엔","KOSPI","전기·전자","73000","400","0.55","1063507216000"
"267290","경동도시가스","KOSPI","전기·가스","20000","-400","-1.96","117908120000"
"012320","경동인베스트","KOSPI","기타금융","51300","900","1.79","121325679900"
"000050","경방","KOSPI","유통","8790","90","1.03","240980223300"
"214390","경보제약","KOSPI","제약","5580","90","1.64","133400278800"
"012610","경인양행","KOSPI","화학","4210","0","0.00","175204896650"
"009140","경인전자","KOSPI","전기·전자","27500","150","0.55","43196917500"
"013580","계룡건설","KOSPI","건설","20600","-550","-2.60","183976684200"
"012200","계양전기","KOSPI","기계·장비","6220","20","0.32","169325996380"
"012205","계양전기우","KOSPI","기계·장비","9460","140","1.50","11059487340"
"002140","고려산업","KOSPI","음식료·담배","2005","10","0.50","50003547125"
"010130","고려아연","KOSPI","금속","1261000","-32000","-2.47","26320813909000"
"002240","고려제강","KOSPI","금속","19790","60","0.30","534330000000"
"009290","광동제약","KOSPI","제약","6210","-80","-1.27","309256807680"
"017040","광명전기","KOSPI","전기·전자","932","0","0.00","40390657180"
"017900","광전자","KOSPI","전기·전자","10240","-470","-4.39","593344133120"
"037710","광주신세계","KOSPI","유통","37000","-350","-0.94","282205364000"
"030610","교보증권","KOSPI","증권","11300","-210","-1.82","1287781459300"
"339770","교촌에프앤비","KOSPI","유통","4060","0","0.00","202858224800"
"007690","국도화학","KOSPI","화학","37150","300","0.81","344039908800"
"002720","국제약품","KOSPI","제약","3630","70","1.97","76810190160"
"083420","그린케미칼","KOSPI","화학","4875","75","1.56","117000000000"
"014530","극동유화","KOSPI","화학","3275","0","0.00","114197350500"
"014280","금강공업","KOSPI","금속","4590","-80","-1.71","134621748630"
"014285","금강공업우","KOSPI","금속","6350","230","3.76","3745706250"
"008870","금비","KOSPI","비금속","40350","-550","-1.34","40350000000"
"001570","금양","KOSPI","화학","9900","0","0.00","633275240400"
"002990","금호건설","KOSPI","건설","4225","-130","-2.99","157423390150"
"002995","금호건설우","KOSPI","건설","12950","-40","-0.31","3784844700"
"011780","금호석유화학","KOSPI","화학","135400","3500","2.65","3406301805000"
"011785","금호석유화학우","KOSPI","화학","54800","-200","-0.36","165687032800"
"214330","금호에이치티","KOSPI","운송장비·부품","2555","0","0.00","53434909745"
"001210","금호전기","KOSPI","전기·전자","524","16","3.15","32425163492"
"073240","금호타이어","KOSPI","화학","4990","-100","-1.96","1433428832130"
"092440","기신정기","KOSPI","기계·장비","2010","33","1.67","58692000000"
"000270","기아","KOSPI","운송장비·부품","166300","-3900","-2.29","64925681567400"
"024110","기업은행","KOSPI","은행","22450","-650","-2.81","17902210759050"
"013700","까뮤이앤씨","KOSPI","건설","1183","-4","-0.34","70685231890"
"004540","깨끗한나라","KOSPI","종이·목재","1597","18","1.14","59473386721"
"004545","깨끗한나라우","KOSPI","종이·목재","8600","200","2.38","3148976000"
"001260","남광토건","KOSPI","건설","8700","340","4.07","85543376400"
"008350","남선알미늄","KOSPI","금속","1266","0","0.00","163414127940"
"008355","남선알미우","KOSPI","금속","10230","160","1.59","3149714700"
"004270","남성","KOSPI","유통","6980","-50","-0.71","25276087680"
"003920","남양유업","KOSPI","음식료·담배","43050","-950","-2.16","258300000000"
"003925","남양유업우","KOSPI","음식료·담배","34350","350","1.03","68700000000"
"025860","남해화학","KOSPI","화학","6530","0","0.00","324402844790"
"005720","넥센","KOSPI","화학","6750","100","1.50","354671844750"
"005725","넥센우","KOSPI","화학","4465","-5","-0.11","16076679000"
"002350","넥센타이어","KOSPI","화학","7390","-50","-0.67","721765611030"
"002355","넥센타이어1우B","KOSPI","화학","4100","-25","-0.61","26650000000"
"092790","넥스틸","KOSPI","금속","16080","1240","8.36","418112160000"
"251270","넷마블","KOSPI","IT 서비스","41650","-150","-0.36","3412574882150"
"090350","노루페인트","KOSPI","화학","7940","-30","-0.38","158800000000"
"090355","노루페인트우","KOSPI","화학","11250","360","3.31","5210167500"
"000320","노루홀딩스","KOSPI","기타금융","18080","180","1.01","240304010080"
"000325","노루홀딩스우","KOSPI","기타금융","27300","200","0.74","6649160700"
"006280","녹십자","KOSPI","제약","131100","1100","0.85","1532105131800"
"005250","녹십자홀딩스","KOSPI","일반서비스","11730","50","0.43","551640903300"
"005257","녹십자홀딩스2우","KOSPI","일반서비스","20500","-600","-2.84","17342795000"
"004370","농심","KOSPI","음식료·담배","368000","-4000","-1.08","2238412256000"
"072710","농심홀딩스","KOSPI","기타금융","93900","-300","-0.32","435488481000"
"058730","다스코","KOSPI","금속","2790","10","0.36","55655536590"
"030210","다올투자증권","KOSPI","증권","3670","-35","-0.94","223543759020"
"023590","다우기술","KOSPI","IT 서비스","38850","-2000","-4.90","1681712071200"
"145210","다이나믹디자인","KOSPI","기계·장비","224","0","0.00","9461013632"
"483650","달바글로벌","KOSPI","화학","205500","11500","5.93","2562413407500"
"019680","대교","KOSPI","일반서비스","1105","-33","-2.90","93596649250"
"019685","대교우B","KOSPI","일반서비스","706","4","0.57","13715454940"
"006370","대구백화점","KOSPI","유통","4540","-30","-0.66","49130113940"
"008060","대덕","KOSPI","기타금융","21400","300","1.42","669543897200"
"00806K","대덕1우","KOSPI","기타금융","12720","80","0.63","15421181040"
"353200","대덕전자","KOSPI","전기·전자","174200","4300","2.53","8608428335000"
"35320K","대덕전자1우","KOSPI","전기·전자","37300","400","1.08","78162858700"
"000490","대동","KOSPI","기계·장비","8210","-30","-0.36","236668561650"
"005750","대림바스","KOSPI","비금속","4550","5","0.11","75494692000"
"006570","대림통상","KOSPI","금속","1936","-34","-1.73","29475600000"
"001680","대상","KOSPI","음식료·담배","18440","-280","-1.50","638909581000"
"001685","대상우","KOSPI","음식료·담배","14780","30","0.20","20251895940"
"084690","대상홀딩스","KOSPI","기타금융","8350","-40","-0.48","302374692300"
"084695","대상홀딩스우","KOSPI","기타금융","12900","-120","-0.92","11783917800"
"128820","대성산업","KOSPI","유통","5130","-140","-2.66","232058002140"
"117580","대성에너지","KOSPI","전기·가스","7090","-30","-0.42","194975000000"
"016710","대성홀딩스","KOSPI","일반서비스","7290","-130","-1.75","117292156110"
"0030R0","대신밸류리츠","KOSPI","기타금융","4030","95","2.41","240913400000"
"003540","대신증권","KOSPI","증권","30500","-750","-2.40","1501202771500"
"003547","대신증권2우B","KOSPI","증권","20150","-250","-1.23","197537159950"
"003545","대신증권우","KOSPI","증권","20850","-250","-1.18","525246256950"
"009190","대양금속","KOSPI","금속","1808","-97","-5.09","79527185200"
"014160","대영포장","KOSPI","종이·목재","836","2","0.24","90617842964"
"047040","대우건설","KOSPI","건설","24800","-2650","-9.65","10190509422400"
"003090","대웅","KOSPI","제약","18710","150","0.81","1087836445800"
"069620","대웅제약","KOSPI","제약","123500","800","0.65","1430942012500"
"000430","대원강업","KOSPI","운송장비·부품","5080","50","0.99","314960000000"
"006340","대원전선","KOSPI","전기·전자","12330","1180","10.58","966849749280"
"006345","대원전선우","KOSPI","전기·전자","15700","3620","29.97","41152840000"
"003220","대원제약","KOSPI","제약","9030","-50","-0.55","202521074490"
"024890","대원화성","KOSPI","화학","3035","185","6.49","25038234050"
"012800","대창","KOSPI","금속","1318","-17","-1.27","120123177682"
"015230","대창단조","KOSPI","운송장비·부품","6320","70","1.12","171547678400"
"001070","대한방직","KOSPI","섬유·의류","5990","-40","-0.66","31747000000"
"006650","대한유화","KOSPI","화학","136900","-1900","-1.37","889850000000"
"001440","대한전선","KOSPI","전기·전자","41150","450","1.11","8065095325400"
"084010","대한제강","KOSPI","금속","9000","280","3.21","309344364000"
"001790","대한제당","KOSPI","음식료·담배","2455","-15","-0.61","211723901325"
"001795","대한제당우","KOSPI","음식료·담배","2150","5","0.23","13937934000"
"001130","대한제분","KOSPI","음식료·담배","11910","-20","-0.17","201279000000"
"439260","대한조선","KOSPI","운송장비·부품","64900","200","0.31","2471958577000"
"003490","대한항공","KOSPI","운송·창고","28800","-500","-1.71","10604755036800"
"003495","대한항공우","KOSPI","운송·창고","22800","0","0.00","25326103200"
"005880","대한해운","KOSPI","운송·창고","2110","-15","-0.71","680996887400"
"003830","대한화섬","KOSPI","화학","115000","100","0.09","152720000000"
"016090","대현","KOSPI","섬유·의류","1562","-10","-0.64","69168968220"
"069460","대호에이엘","KOSPI","금속","2660","0","0.00","46322277400"
"475560","더본코리아","KOSPI","유통","16010","-110","-0.68","237395799700"
"192080","더블유게임즈","KOSPI","IT 서비스","68900","500","0.73","1458851945200"
"012510","더존비즈온","KOSPI","IT 서비스","120000","0","0.00","3494865960000"
"004830","덕성","KOSPI","화학","3715","0","0.00","58251200000"
"004835","덕성우","KOSPI","화학","5100","-70","-1.35","7099200000"
"145720","덴티움","KOSPI","의료·정밀기기","46050","50","0.11","397130180550"
"002150","도화엔지니어링","KOSPI","일반서비스","5500","-180","-3.17","185460000000"
"460850","동국씨엠","KOSPI","금속","5380","20","0.37","160854769280"
"460860","동국제강","KOSPI","금속","10090","-30","-0.30","500544891530"
"001230","동국홀딩스","KOSPI","기타금융","2090","70","3.47","325011124350"
"023450","동남합성","KOSPI","화학","29000","300","1.05","101500000000"
"004140","동방","KOSPI","운송·창고","2065","-20","-0.96","99061696790"
"007590","동방아그로","KOSPI","화학","5840","10","0.17","79526649680"
"005960","동부건설","KOSPI","건설","6600","-110","-1.64","151447975800"
"005965","동부건설우","KOSPI","건설","17120","-230","-1.33","3864531840"
"026960","동서","KOSPI","유통","25300","-500","-1.94","2522410000000"
"002210","동성제약","KOSPI","제약","973","0","0.00","94010780311"
"102260","동성케미컬","KOSPI","화학","3940","-25","-0.63","199638188540"
"000640","동아쏘시오홀딩스","KOSPI","기타금융","84100","-1800","-2.10","566205520700"
"170900","동아에스티","KOSPI","제약","37250","700","1.92","362361257750"
"028100","동아지질","KOSPI","건설","16800","110","0.66","224943633600"
"001520","동양","KOSPI","비금속","586","-38","-6.09","139868860918"
"001527","동양2우B","KOSPI","비금속","7200","-160","-2.17","3445696800"
"084670","동양고속","KOSPI","운송·창고","35450","-1000","-2.74","102647921050"
"082640","동양생명","KOSPI","보험","8000","-140","-1.72","1248500648000"
"001525","동양우","KOSPI","비금속","4655","-145","-3.02","2875537805"
"018500","동원금속","KOSPI","운송장비·부품","1645","-45","-2.66","76911864785"
"006040","동원산업","KOSPI","기타금융","33950","-400","-1.16","1498580805050"
"030720","동원수산","KOSPI","농업, 임업 및 어업","6010","-60","-0.99","27969368050"
"014820","동원시스템즈","KOSPI","화학","21450","-250","-1.15","621862998900"
"014825","동원시스템즈우","KOSPI","화학","14480","300","2.12","3824327280"
"111380","동인기연","KOSPI","섬유·의류","13060","-110","-0.84","80031680000"
"163560","동일고무벨트","KOSPI","화학","6520","-10","-0.15","90628000000"
"004890","동일산업","KOSPI","금속","36350","200","0.55","88156565250"
"002690","동일제강","KOSPI","금속","1420","-19","-1.32","28826511200"
"000020","동화약품","KOSPI","제약","5330","-40","-0.74","148874735100"
"000150","두산","KOSPI","전기·전자","1624000","-75000","-4.41","26298788040000"
"000157","두산2우B","KOSPI","전기·전자","438000","-13000","-2.88","391150644000"
"454910","두산로보틱스","KOSPI","기계·장비","106200","-2800","-2.57","6883881876000"
"241560","두산밥캣","KOSPI","기계·장비","66000","-3100","-4.49","6326500290000"
"034020","두산에너빌리티","KOSPI","기계·장비","103200","-100","-0.10","66105910267200"
"000155","두산우","KOSPI","전기·전자","552000","-29000","-4.99","2206047024000"
"336260","두산퓨얼셀","KOSPI","전기·전자","76500","-1600","-2.05","5010270039000"
"33626K","두산퓨얼셀1우","KOSPI","전기·전자","8470","-70","-0.82","113194774000"
"33626L","두산퓨얼셀2우B","KOSPI","전기·전자","9310","-160","-1.69","27802453000"
"016740","두올","KOSPI","운송장비·부품","4370","-15","-0.34","125305484880"
"192650","드림텍","KOSPI","전기·전자","5800","-460","-7.35","400050354200"
"024090","디씨엠","KOSPI","금속","11070","-70","-0.63","126198000000"
"003160","디아이","KOSPI","의료·정밀기기","29300","450","1.56","829190000000"
"092200","디아이씨","KOSPI","운송장비·부품","7620","-290","-3.67","296330895780"
"377190","디앤디플랫폼리츠","KOSPI","부동산","2005","11","0.55","177242000000"
"013570","디와이","KOSPI","기타금융","4120","-35","-0.84","108436887960"
"024900","디와이덕양","KOSPI","운송장비·부품","1960","9","0.46","63827360800"
"002880","디와이에이","KOSPI","운송장비·부품","829","21","2.60","38775641855"
"210540","디와이파워","KOSPI","기계·장비","12280","-60","-0.49","135592174240"
"032350","롯데관광개발","KOSPI","일반서비스","17780","-230","-1.28","1415314207720"
"089860","롯데렌탈","KOSPI","일반서비스","31250","-350","-1.11","1134668375000"
"330590","롯데리츠","KOSPI","부동산","3960","5","0.13","1144316780640"
"000400","롯데손해보험","KOSPI","보험","1961","-7","-0.36","608569523520"
"023530","롯데쇼핑","KOSPI","유통","203500","5500","2.78","5756761642500"
"020150","롯데에너지머티리얼즈","KOSPI","전기·전자","55200","-2500","-4.33","2890573557600"
"280360","롯데웰푸드","KOSPI","음식료·담배","104900","-1400","-1.32","965559812600"
"286940","롯데이노베이트","KOSPI","IT 서비스","20000","-200","-0.99","302587340000"
"004000","롯데정밀화학","KOSPI","화학","50400","-200","-0.40","1300320000000"
"004990","롯데지주","KOSPI","기타금융","27000","150","0.56","2690921952000"
"00499K","롯데지주우","KOSPI","기타금융","25300","-100","-0.39","20381755900"
"005300","롯데칠성","KOSPI","음식료·담배","106000","-1400","-1.30","983561704000"
"005305","롯데칠성우","KOSPI","음식료·담배","73000","-400","-0.54","56597630000"
"011170","롯데케미칼","KOSPI","화학","81900","1100","1.36","3503306816100"
"071840","롯데하이마트","KOSPI","유통","6750","-70","-1.03","159352056000"
"027740","마니커","KOSPI","음식료·담배","1399","142","11.30","44426103986"
"357430","마스턴프리미어리츠","KOSPI","부동산","667","-2","-0.30","20347039769"
"001080","만호제강","KOSPI","금속","4300","100","2.38","178450000000"
"088980","맥쿼리인프라","KOSPI","기타금융","10900","0","0.00","5220249723700"
"094800","맵스리얼티","KOSPI","기타금융","6550","170","2.66","608064868050"
"138040","메리츠금융지주","KOSPI","기타금융","114300","-100","-0.09","19127793303900"
"090370","메타랩스","KOSPI","섬유·의류","1179","61","5.46","29362628331"
"118000","메타케어","KOSPI","유통","1490","29","1.98","25594826640"
"017180","명문제약","KOSPI","제약","1320","-7","-0.53","44818559280"
"009900","명신산업","KOSPI","운송장비·부품","8780","-20","-0.23","460687767740"
"317450","명인제약","KOSPI","제약","45350","1250","2.83","662110000000"
"012690","모나리자","KOSPI","종이·목재","1733","6","0.35","63377984915"
"005360","모나미","KOSPI","유통","1382","18","1.32","26116078274"
"070960","모나용평","KOSPI","일반서비스","2635","-35","-1.31","126831332455"
"009680","모토닉","KOSPI","운송장비·부품","10180","0","0.00","221242896920"
"009580","무림P&P","KOSPI","종이·목재","1840","-10","-0.54","114757716160"
"009200","무림페이퍼","KOSPI","종이·목재","1576","-1","-0.06","65576272560"
"033920","무학","KOSPI","음식료·담배","7840","-10","-0.13","223440000000"
"008420","문배철강","KOSPI","금속","2280","60","2.70","46747991400"
"025560","미래산업","KOSPI","의료·정밀기기","44200","-2000","-4.33","225014597600"
"007120","미래아이앤지","KOSPI","IT 서비스","1279","-11","-0.85","36935739632"
"396690","미래에셋글로벌리츠","KOSPI","부동산","1552","44","2.92","61468418880"
"357250","미래에셋맵스리츠","KOSPI","부동산","1793","-76","-4.07","44816223265"
"085620","미래에셋생명","KOSPI","보험","30600","-1650","-5.12","4136508000000"
"006800","미래에셋증권","KOSPI","증권","50400","-900","-1.75","28202170752000"
"00680K","미래에셋증권2우B","KOSPI","증권","13620","-360","-2.58","1859130000000"
"006805","미래에셋증권우","KOSPI","증권","14890","-420","-2.74","209587917500"
"081660","미스토홀딩스","KOSPI","유통","40300","-1850","-4.39","2139601152000"
"002840","미원상사","KOSPI","화학","122400","-3100","-2.47","581400000000"
"268280","미원에스씨","KOSPI","화학","101400","-300","-0.29","507000000000"
"107590","미원홀딩스","KOSPI","기타금융","56000","-800","-1.41","129920000000"
"134380","미원화학","KOSPI","화학","10190","-100","-0.97","224105409200"
"003650","미창석유","KOSPI","화학","125700","-300","-0.24","218676770400"
"377740","바이오노트","KOSPI","제약","4750","-130","-2.66","483958728000"
"003610","방림","KOSPI","섬유·의류","5200","10","0.19","188251221600"
"035150","백산","KOSPI","화학","10650","-60","-0.56","213307156650"
"002410","범양건영","KOSPI","건설","1935","0","0.00","53173451700"
"007210","벽산","KOSPI","비금속","1657","-25","-1.49","108301520000"
"002760","보락","KOSPI","화학","943","24","2.61","56485700000"
"003850","보령","KOSPI","제약","9530","90","0.95","817552082710"
"000890","보해양조","KOSPI","음식료·담배","1423","-28","-1.93","39308987575"
"003000","부광약품","KOSPI","제약","4615","-160","-3.35","455337456665"
"001270","부국증권","KOSPI","증권","63900","900","1.43","662635715400"
"001275","부국증권우","KOSPI","증권","31950","-50","-0.16","95850000000"
"026940","부국철강","KOSPI","금속","2370","100","4.41","47400000000"
"011390","부산산업","KOSPI","비금속","52600","-100","-0.19","55545600000"
"005030","부산주공","KOSPI","운송장비·부품","486","0","0.00","45092532168"
"006740","블루산업개발","KOSPI","종이·목재","5550","0","0.00","26351205750"
"002070","비비안","KOSPI","섬유·의류","7030","-50","-0.71","16902538320"
"100220","비상교육","KOSPI","오락·문화","5300","100","1.92","68882727300"
"090460","비에이치","KOSPI","전기·전자","28850","-250","-0.86","972577871300"
"005180","빙그레","KOSPI","음식료·담배","68700","-500","-0.72","636782429700"
"003960","사조대림","KOSPI","음식료·담배","27100","100","0.37","248357055700"
"008040","사조동아원","KOSPI","음식료·담배","908","-18","-1.94","128159296800"
"007160","사조산업","KOSPI","음식료·담배","43650","-300","-0.68","218250000000"
"014710","사조씨푸드","KOSPI","음식료·담배","7340","130","1.80","126384105620"
"006090","사조오양","KOSPI","음식료·담배","8080","50","0.62","76135731120"
"062040","산일전기","KOSPI","전기·전자","251000","-3000","-1.18","7684578350000"
"005610","삼립","KOSPI","음식료·담배","40950","100","0.24","353357918550"
"001470","삼부토건","KOSPI","건설","347","0","0.00","79699592928"
"028050","삼성E&A","KOSPI","일반서비스","52500","-4200","-7.41","10290000000000"
"448730","삼성FN리츠","KOSPI","부동산","5610","130","2.37","510790500000"
"006400","삼성SDI","KOSPI","전기·전자","550000","1000","0.18","44322041500000"
"006405","삼성SDI우","KOSPI","전기·전자","247500","-1500","-0.60","400429260000"
"006660","삼성공조","KOSPI","운송장비·부품","11720","-200","-1.68","95240400080"
"028260","삼성물산","KOSPI","유통","490000","-7000","-1.41","79462114690000"
"02826K","삼성물산우B","KOSPI","유통","248500","-5500","-2.17","364696115000"
"207940","삼성바이오로직스","KOSPI","제약","1370000","37000","2.78","63418602870000"
"032830","삼성생명","KOSPI","보험","447000","16000","3.71","89400000000000"
"018260","삼성에스디에스","KOSPI","IT 서비스","232500","-5500","-2.31","17990338500000"
"0126Z0","삼성에피스홀딩스","KOSPI","기타금융","453500","0","0.00","11284462721500"
"009150","삼성전기","KOSPI","전기·전자","2032000","-16000","-0.78","151777590272000"
"009155","삼성전기우","KOSPI","전기·전자","617000","-11000","-1.75","1793609128000"
"005930","삼성전자","KOSPI","전기·전자","346500","3500","1.02","2025735537672000"
"005935","삼성전자우","KOSPI","전기·전자","226500","2500","1.12","181737077479500"
"001360","삼성제약","KOSPI","제약","1526","64","4.38","143691332554"
"010140","삼성중공업","KOSPI","운송장비·부품","28950","850","3.02","25476000000000"
"016360","삼성증권","KOSPI","증권","123900","-700","-0.56","11064270000000"
"068290","삼성출판사","KOSPI","오락·문화","6650","-10","-0.15","66500000000"
"029780","삼성카드","KOSPI","기타금융","49650","-3650","-6.85","5752393938150"
"000810","삼성화재","KOSPI","보험","679000","8000","1.19","30315634167000"
"000815","삼성화재우","KOSPI","보험","416500","-10000","-2.34","1252423830000"
"006110","삼아알미늄","KOSPI","금속","56000","1600","2.94","846913480000"
"0120G0","삼양바이오팜","KOSPI","제약","54500","1800","3.42","405254915000"
"145990","삼양사","KOSPI","음식료·담배","43500","-700","-1.58","448635031500"
"145995","삼양사우","KOSPI","음식료·담배","32000","150","0.47","11842240000"
"003230","삼양식품","KOSPI","음식료·담배","1145000","2000","0.17","8625302175000"
"272550","삼양패키징","KOSPI","화학","9180","-90","-0.97","138327967080"
"000070","삼양홀딩스","KOSPI","기타금융","57100","-700","-1.21","443278206100"
"003720","삼영","KOSPI","화학","8610","-150","-1.71","292740000000"
"002810","삼영무역","KOSPI","유통","20700","-1050","-4.83","382265823600"
"005680","삼영전자","KOSPI","전기·전자","13880","-220","-1.56","277600000000"
"023000","삼원강재","KOSPI","운송장비·부품","2220","-20","-0.89","88222702320"
"004380","삼익THK","KOSPI","기계·장비","9430","-340","-3.48","195201000000"
"002450","삼익악기","KOSPI","기타제조","1277","-10","-0.78","115607978455"
"004440","삼일씨엔에스","KOSPI","비금속","4900","-150","-2.97","62386540300"
"000520","삼일제약","KOSPI","제약","7150","-90","-1.24","155096448650"
"009770","삼정펄프","KOSPI","종이·목재","26000","0","0.00","64999246000"
"005500","삼진제약","KOSPI","제약","19130","-420","-2.15","254811600000"
"004690","삼천리","KOSPI","전기·가스","123800","-2300","-1.82","448994992600"
"010960","삼호개발","KOSPI","건설","3260","-55","-1.66","78631200000"
"004450","삼화왕관","KOSPI","금속","24950","-150","-0.60","53751756050"
"009470","삼화전기","KOSPI","전기·전자","33000","-100","-0.30","218256060000"
"011230","삼화전자","KOSPI","전기·전자","2880","-315","-9.86","55197460800"
"001820","삼화콘덴서","KOSPI","전기·전자","151400","3500","2.37","1573803000000"
"001290","상상인증권","KOSPI","증권","945","-21","-2.17","102378578400"
"041650","상신브레이크","KOSPI","운송장비·부품","2335","-15","-0.64","50135835750"
"075180","새론오토모티브","KOSPI","운송장비·부품","2895","35","1.22","55584000000"
"007540","샘표","KOSPI","기타금융","43000","-100","-0.23","123659400000"
"248170","샘표식품","KOSPI","음식료·담배","23000","-300","-1.29","105070578000"
"007860","서연","KOSPI","기타금융","9050","-50","-0.55","212492588200"
"200880","서연이화","KOSPI","운송장비·부품","12930","-560","-4.15","349477690410"
"017390","서울가스","KOSPI","전기·가스","57100","-300","-0.52","282645000000"
"031210","서울보증보험","KOSPI","보험","44750","-300","-0.67","3124516510500"
"004410","서울식품","KOSPI","음식료·담배","1084","24","2.26","42769234092"
"004415","서울식품우","KOSPI","음식료·담배","7710","-50","-0.64","1715089500"
"021050","서원","KOSPI","금속","1216","-4","-0.33","57729101440"
"008490","서흥","KOSPI","화학","19150","210","1.11","221548513950"
"007610","선도전기","KOSPI","전기·전자","5900","170","2.97","106200000000"
"136490","선진","KOSPI","음식료·담배","9630","110","1.16","228997586520"
"014910","성문전자","KOSPI","전기·전자","2565","-190","-6.90","56063864205"
"014915","성문전자우","KOSPI","전기·전자","4910","-880","-15.20","2946000000"
"004980","성신양회","KOSPI","비금속","8930","90","1.02","218928531890"
"004985","성신양회우","KOSPI","비금속","10270","-130","-1.25","7555074150"
"000180","성창기업지주","KOSPI","일반서비스","5230","40","0.77","72960173600"
"002420","세기상사","KOSPI","유통","5530","0","0.00","33013812440"
"004360","세방","KOSPI","운송·창고","13570","0","0.00","259398732710"
"004365","세방우","KOSPI","운송·창고","9960","120","1.22","36744930000"
"004490","세방전지","KOSPI","전기·전자","63700","1300","2.08","882882000000"
"001430","세아베스틸지주","KOSPI","금속","46250","-3250","-6.57","1658623003750"
"306200","세아제강","KOSPI","금속","146000","-4000","-2.67","414099800000"
"003030","세아제강지주","KOSPI","기타금융","142000","-6800","-4.57","588115294000"
"058650","세아홀딩스","KOSPI","금속","129800","-200","-0.15","550642232800"
"013000","세우글로벌","KOSPI","유통","1345","25","1.89","38608266695"
"021820","세원정공","KOSPI","운송장비·부품","12090","-150","-1.23","120900000000"
"067830","세이브존I&C","KOSPI","유통","2500","15","0.60","102602237500"
"075580","세진중공업","KOSPI","운송장비·부품","16400","240","1.49","932331078400"
"068270","셀트리온","KOSPI","제약","174600","100","0.06","38697185354400"
"336370","솔루스첨단소재","KOSPI","전기·전자","11170","-170","-1.50","784327732480"
"33637K","솔루스첨단소재1우","KOSPI","전기·전자","1895","-5","-0.26","32042111570"
"33637L","솔루스첨단소재2우B","KOSPI","전기·전자","2515","-10","-0.40","9502414440"
"248070","솔루엠","KOSPI","전기·전자","18730","160","0.86","895598100280"
"004430","송원산업","KOSPI","화학","10480","-20","-0.19","251520000000"
"017550","수산세보틱스","KOSPI","기계·장비","2550","-85","-3.23","159117781500"
"126720","수산인더스트리","KOSPI","건설","24700","-100","-0.40","352864200000"
"053210","스카이라이프","KOSPI","오락·문화","4485","-10","-0.22","213140453175"
"026890","스틱인베스트먼트","KOSPI","기타금융","7110","0","0.00","275660651070"
"134790","시디즈","KOSPI","기타제조","19140","240","1.27","38280000000"
"462870","시프트업","KOSPI","IT 서비스","32150","-50","-0.16","1885737031000"
"016590","신대양제지","KOSPI","종이·목재","10530","-50","-0.47","424336044600"
"029530","신도리코","KOSPI","전기·전자","43400","-250","-0.57","421662638600"
"004970","신라교역","KOSPI","농업, 임업 및 어업","9110","0","0.00","145760000000"
"011930","신성이엔지","KOSPI","전기·전자","21950","600","2.81","445720694900"
"004170","신세계","KOSPI","유통","753000","-14000","-1.83","7112221293000"
"035510","신세계 I&C","KOSPI","IT 서비스","15370","-430","-2.72","214886433000"
"031430","신세계인터내셔날","KOSPI","유통","15390","-310","-1.97","538434540000"
"031440","신세계푸드","KOSPI","일반서비스","44200","-500","-1.12","171163616000"
"006880","신송홀딩스","KOSPI","유통","5350","30","0.56","63284390300"
"005800","신영와코루","KOSPI","섬유·의류","13560","-120","-0.88","122040000000"
"001720","신영증권","KOSPI","증권","192500","-600","-0.31","3164700000000"
"009270","신원","KOSPI","섬유·의류","1153","-1","-0.09","132330263129"
"002700","신일전자","KOSPI","유통","1270","59","4.87","88960351670"
"002870","신풍","KOSPI","유통","925","16","1.76","32336797500"
"019170","신풍제약","KOSPI","제약","9360","170","1.85","490637365920"
"019175","신풍제약우","KOSPI","제약","14420","170","1.19","28713536600"
"481850","신한글로벌액티브리츠","KOSPI","기타금융","905","5","0.56","39347285920"
"404990","신한서부티엔디리츠","KOSPI","부동산","3955","5","0.13","242174869720"
"293940","신한알파리츠","KOSPI","부동산","5590","70","1.27","676055287570"
"055550","신한지주","KOSPI","기타금융","103100","-3600","-3.37","48936864619100"
"004080","신흥","KOSPI","유통","13800","0","0.00","129720000000"
"004770","써니전자","KOSPI","전기·전자","1690","14","0.84","60007570220"
"403550","쏘카","KOSPI","일반서비스","11790","340","2.97","447311916180"
"004920","씨아이테크","KOSPI","전기·전자","1054","-19","-1.77","54997585088"
"112610","씨에스윈드","KOSPI","금속","49900","-6900","-12.15","2104353009700"
"480370","씨케이솔루션","KOSPI","기계·장비","1758","54","3.17","57102315264"
"308170","씨티알모빌리티","KOSPI","운송장비·부품","3550","-120","-3.27","30565500000"
"008700","아남전자","KOSPI","전기·전자","1290","33","2.63","99491017800"
"090430","아모레퍼시픽","KOSPI","화학","109900","-500","-0.45","6428354214100"
"090435","아모레퍼시픽우","KOSPI","화학","35800","-100","-0.28","377970314000"
"002790","아모레퍼시픽홀딩스","KOSPI","화학","24000","-700","-2.83","1834996320000"
"00279K","아모레퍼시픽홀딩스3우C","KOSPI","화학","20450","-400","-1.92","145035490000"
"002795","아모레퍼시픽홀딩스우","KOSPI","화학","10440","-210","-1.97","66619435680"
"002030","아세아","KOSPI","일반서비스","194500","-7500","-3.71","400446714000"
"183190","아세아시멘트","KOSPI","비금속","10220","-10","-0.10","373095694160"
"002310","아세아제지","KOSPI","종이·목재","8330","60","0.73","328614418300"
"012170","아센디오","KOSPI","오락·문화","1067","-39","-3.53","21606956998"
"267850","아시아나IDT","KOSPI","IT 서비스","9630","-40","-0.41","106893000000"
"020560","아시아나항공","KOSPI","운송·창고","7750","-90","-1.15","1596428010250"
"122900","아이마켓코리아","KOSPI","유통","7750","80","1.04","259073510000"
"010780","아이에스동서","KOSPI","비금속","25300","-50","-0.20","763730492800"
"031820","아이티센씨티에스","KOSPI","IT 서비스","5940","-60","-1.00","71904567240"
"139990","아주스틸","KOSPI","금속","2435","245","11.19","94369433090"
"009320","아진전자부품","KOSPI","운송장비·부품","960","6","0.63","47327779200"
"001780","알루코","KOSPI","금속","2080","50","2.46","201406674560"
"018250","애경산업","KOSPI","화학","12250","150","1.24","323521703750"
"161000","애경케미칼","KOSPI","화학","10830","-100","-0.91","526865518470"
"011090","에넥스","KOSPI","기타제조","1700","209","14.02","20156991800"
"137310","에스디바이오센서","KOSPI","의료·정밀기기","7210","50","0.70","870601025420"
"005850","에스엘","KOSPI","운송장비·부품","73100","-3100","-4.07","3395386812000"
"010580","에스엠벡셀","KOSPI","운송장비·부품","1936","-63","-3.15","215383407360"
"012750","에스원","KOSPI","일반서비스","73800","-7800","-9.56","2804339336400"
"023960","에쓰씨엔지니어링","KOSPI","건설","1091","30","2.83","41497248725"
"298690","에어부산","KOSPI","운송·창고","1762","-37","-2.06","205519680000"
"078520","에이블씨엔씨","KOSPI","화학","10870","70","0.65","282773930070"
"015260","에이엔피","KOSPI","전기·전자","600","11","1.87","28270136400"
"007460","에이프로젠","KOSPI","제약","3100","-40","-1.27","73144292300"
"003060","에이프로젠바이오로직스","KOSPI","제약","2355","-110","-4.46","33941140770"
"244920","에이플러스에셋","KOSPI","기타금융","10700","-20","-0.19","241902315100"
"278470","에이피알","KOSPI","화학","408500","9000","2.25","15293486317500"
"450080","에코프로머티","KOSPI","전기·전자","56700","-2100","-3.57","4009007916900"
"019490","엑시큐어하이트론","KOSPI","전기·전자","541","0","0.00","41349858070"
"085310","엔케이","KOSPI","금속","10200","200","2.00","75664354800"
"900140","엘브이엠씨홀딩스","KOSPI","유통","1400","-18","-1.27","270536604800"
"066970","엘앤에프","KOSPI","전기·전자","140600","-1100","-0.78","5703852785800"
"097520","엠씨넥스","KOSPI","전기·전자","21550","50","0.23","375002325000"
"484870","엠앤씨솔루션","KOSPI","기계·장비","93900","4600","5.15","859551210000"
"014440","영보화학","KOSPI","화학","4575","-20","-0.44","91500000000"
"111770","영원무역","KOSPI","유통","79800","-1200","-1.48","3536055146400"
"009970","영원무역홀딩스","KOSPI","기타금융","184800","-3500","-1.86","2393865381600"
"003520","영진약품","KOSPI","제약","1285","0","0.00","235017159335"
"000670","영풍","KOSPI","금속","48150","-650","-1.33","886474386450"
"012280","영화금속","KOSPI","운송장비·부품","845","-2","-0.24","41848206725"
"012160","영흥","KOSPI","금속","376","0","0.00","29366922392"
"007310","오뚜기","KOSPI","음식료·담배","331000","-2500","-0.75","1326591730000"
"002630","오리엔트바이오","KOSPI","제약","940","-11","-1.16","55734011880"
"271560","오리온","KOSPI","음식료·담배","135100","1100","0.82","5341331433200"
"001800","오리온홀딩스","KOSPI","기타금융","26400","-900","-3.30","1653839140800"
"005320","온타이드","KOSPI","유통","1094","4","0.37","37401502430"
"011690","와이투솔루션","KOSPI","전기·전자","4515","-75","-1.63","165720338910"
"316140","우리금융지주","KOSPI","기타금융","32150","-900","-2.72","23600553688000"
"006980","우성","KOSPI","음식료·담배","17910","-270","-1.49","55341900000"
"011300","우성머티리얼스","KOSPI","섬유·의류","2550","-85","-3.23","42880986150"
"017370","우신시스템","KOSPI","기계·장비","4715","-155","-3.18","86350764610"
"105840","우진","KOSPI","의료·정밀기기","20050","360","1.83","404963283500"
"010400","우진아이엔에스","KOSPI","건설","3790","5","0.13","28887380000"
"049800","우진플라임","KOSPI","기계·장비","1949","4","0.21","38980000000"
"016880","웅진","KOSPI","기타금융","2255","155","7.38","180235565400"
"095720","웅진씽크빅","KOSPI","일반서비스","1351","-29","-2.10","76773391835"
"005820","원림","KOSPI","섬유·의류","14180","-170","-1.18","32585214600"
"008600","윌비스","KOSPI","유통","2620","0","0.00","17615839860"
"033270","유나이티드제약","KOSPI","제약","18590","-50","-0.27","295781307250"
"014830","유니드","KOSPI","화학","70500","-600","-0.84","477115800000"
"446070","유니드비티플러스","KOSPI","종이·목재","2375","-45","-1.86","25201635625"
"000910","유니온","KOSPI","비금속","3265","75","2.35","50971936035"
"047400","유니온머티리얼","KOSPI","비금속","1133","-4","-0.35","47586000000"
"011330","유니켐","KOSPI","운송장비·부품","396","0","0.00","35714383452"
"077500","유니퀘스트","KOSPI","유통","7700","20","0.26","166320785400"
"002920","유성기업","KOSPI","운송장비·부품","1786","14","0.79","46342235000"
"000700","유수홀딩스","KOSPI","일반서비스","5850","40","0.69","152344600200"
"003470","유안타증권","KOSPI","증권","5290","0","0.00","1019277739580"
"003475","유안타증권우","KOSPI","증권","4375","35","0.81","56049743750"
"072130","유엔젤","KOSPI","IT 서비스","5150","120","2.39","65381588100"
"000220","유유제약","KOSPI","제약","4075","185","4.76","69406830325"
"000225","유유제약1우","KOSPI","제약","3850","-20","-0.52","8727680500"
"000227","유유제약2우B","KOSPI","제약","10680","-10","-0.09","3476980800"
"001200","유진투자증권","KOSPI","증권","4895","15","0.31","474161116110"
"000100","유한양행","KOSPI","제약","79100","800","1.02","6300125239100"
"000105","유한양행우","KOSPI","제약","67300","-300","-0.44","79477262000"
"003460","유화증권","KOSPI","증권","3290","-65","-1.94","186550945350"
"003465","유화증권우","KOSPI","증권","3155","-45","-1.41","55138120875"
"008730","율촌화학","KOSPI","화학","19300","480","2.55","478640000000"
"008250","이건산업","KOSPI","종이·목재","2985","20","0.67","32693615475"
"025820","이구산업","KOSPI","금속","4870","20","0.41","162862540000"
"214320","이노션","KOSPI","일반서비스","19740","-910","-4.41","789600000000"
"088260","이리츠코크렙","KOSPI","부동산","3465","85","2.51","219478609350"
"139480","이마트","KOSPI","유통","88900","-2100","-2.31","2453268309100"
"457190","이수스페셜티케미컬","KOSPI","화학","87100","-500","-0.57","2632063751200"
"007660","이수페타시스","KOSPI","전기·전자","124000","1000","0.81","9102743156000"
"005950","이수화학","KOSPI","화학","13910","-270","-1.90","365751890790"
"015020","이스타코","KOSPI","부동산","928","0","0.00","19883142400"
"074610","이엔플러스","KOSPI","기계·장비","5110","0","0.00","44815400070"
"102460","이연제약","KOSPI","제약","9910","0","0.00","184195297010"
"084680","이월드","KOSPI","기타제조","1220","1","0.08","173003555460"
"350520","이지스레지던스리츠","KOSPI","부동산","3490","40","1.16","128663044980"
"334890","이지스밸류플러스리츠","KOSPI","부동산","3560","75","2.15","247237311480"
"000760","이화산업","KOSPI","유통","12660","-240","-1.86","35448000000"
"014990","인디에프","KOSPI","섬유·의류","480","0","0.00","36054237600"
"101140","인바이오젠","KOSPI","유통","6950","70","1.02","69807301200"
"006490","인스코비","KOSPI","통신","301","-4","-1.31","44513720916"
"023800","인지컨트롤스","KOSPI","운송장비·부품","5780","-100","-1.70","91377158660"
"034590","인천도시가스","KOSPI","전기·가스","26550","-50","-0.19","116149718700"
"129260","인터지스","KOSPI","운송·창고","2145","-10","-0.46","63809189730"
"023810","인팩","KOSPI","운송장비·부품","5470","-160","-2.84","54700000000"
"249420","일동제약","KOSPI","제약","19840","250","1.28","627702919680"
"000230","일동홀딩스","KOSPI","제약","7410","20","0.27","85514364000"
"013360","일성건설","KOSPI","건설","1753","76","4.53","94705614640"
"003120","일성아이에스","KOSPI","제약","19700","-190","-0.96","262010000000"
"003200","일신방직","KOSPI","섬유·의류","11080","10","0.09","254396800000"
"007110","일신석재","KOSPI","유통","1243","53","4.45","96278566230"
"007570","일양약품","KOSPI","제약","8500","-40","-0.47","162228144000"
"007575","일양약품우","KOSPI","제약","8150","50","0.62","3627402000"
"008500","일정실업","KOSPI","섬유·의류","779","0","0.00","4674000000"
"081000","일진다이아","KOSPI","화학","10750","10","0.09","152681981250"
"020760","일진디스플","KOSPI","전기·전자","902","0","0.00","50984432422"
"103590","일진전기","KOSPI","전기·전자","88900","500","0.57","4239231171000"
"271940","일진하이솔루스","KOSPI","운송장비·부품","12780","-260","-1.99","464082568200"
"015860","일진홀딩스","KOSPI","기타금융","7280","-160","-2.15","359249676240"
"226320","잇츠한불","KOSPI","화학","10170","150","1.50","223021133550"
"317400","자이에스앤디","KOSPI","부동산","3685","-65","-1.73","142913586200"
"033240","자화전자","KOSPI","전기·전자","34600","-750","-2.12","747550369200"
"000950","전방","KOSPI","섬유·의류","26900","0","0.00","45192000000"
"079900","전진건설로봇","KOSPI","기계·장비","58500","200","0.34","853663882500"
"348950","제이알글로벌리츠","KOSPI","부동산","1182","0","0.00","233298432000"
"194370","제이에스코퍼레이션","KOSPI","섬유·의류","12220","690","5.98","354584782760"
"030000","제일기획","KOSPI","일반서비스","19990","-1110","-5.26","2299674087750"
"271980","제일약품","KOSPI","제약","10840","250","2.36","159400812480"
"001560","제일연마","KOSPI","비금속","10190","-50","-0.49","77444000000"
"002620","제일파마홀딩스","KOSPI","일반서비스","7450","210","2.90","119001494750"
"006220","제주은행","KOSPI","은행","12100","-230","-1.87","457362539700"
"089590","제주항공","KOSPI","운송·창고","5070","-50","-0.98","408849793950"
"004910","조광페인트","KOSPI","화학","3820","30","0.79","48896000000"
"004700","조광피혁","KOSPI","섬유·의류","63000","1100","1.78","418895694000"
"001550","조비","KOSPI","화학","11400","30","0.26","59191524600"
"462520","조선내화","KOSPI","비금속","15220","350","2.35","180435656960"
"120030","조선선재","KOSPI","금속","90400","0","0.00","113691650400"
"018470","조일알미늄","KOSPI","금속","1154","8","0.70","146133006034"
"002600","조흥","KOSPI","음식료·담배","138400","700","0.51","83040000000"
"185750","종근당","KOSPI","제약","73000","-900","-1.22","1007602940000"
"063160","종근당바이오","KOSPI","제약","16170","150","0.94","88708005540"
"001630","종근당홀딩스","KOSPI","제약","41800","200","0.48","209412189800"
"109070","주성코퍼레이션","KOSPI","전기·전자","1603","73","4.77","84654798690"
"044380","주연테크","KOSPI","전기·전자","1323","35","2.72","17061826068"
"013890","지누스","KOSPI","기타제조","9850","-50","-0.51","215969258050"
"013870","지엠비코리아","KOSPI","운송장비·부품","4015","-25","-0.62","76575204200"
"071320","지역난방공사","KOSPI","전기·가스","72300","-800","-1.09","837143191200"
"088790","진도","KOSPI","유통","2535","-165","-6.11","31555031040"
"003780","진양산업","KOSPI","화학","5320","10","0.19","69160000000"
"010640","진양폴리","KOSPI","화학","2205","40","1.85","36823500000"
"100250","진양홀딩스","KOSPI","화학","3015","0","0.00","192658500000"
"051630","진양화학","KOSPI","화학","2180","-55","-2.46","46216000000"
"272450","진에어","KOSPI","운송·창고","6270","180","2.96","327294000000"
"011000","진원생명과학","KOSPI","제약","885","0","0.00","80431372695"
"002780","진흥기업","KOSPI","건설","920","-28","-2.95","133834005400"
"002787","진흥기업2우B","KOSPI","건설","7040","-90","-1.26","2075448320"
"002785","진흥기업우B","KOSPI","건설","3330","0","0.00","2854535940"
"025620","차AI헬스케어","KOSPI","화학","6530","150","2.35","118871943690"
"009310","참엔지니어링","KOSPI","기계·장비","5330","0","0.00","23329484620"
"000650","천일고속","KOSPI","운송·창고","198000","-2500","-1.25","282985560000"
"033250","체시스","KOSPI","운송장비·부품","4315","15","0.35","27616000000"
"035720","카카오","KOSPI","IT 서비스","40550","100","0.25","17953319238700"
"323410","카카오뱅크","KOSPI","은행","23650","-500","-2.07","11283898335050"
"377300","카카오페이","KOSPI","기타금융","46300","-200","-0.43","6262645647500"
"006380","카프로","KOSPI","화학","3660","0","0.00","618539985360"
"279570","케이뱅크","KOSPI","은행","7200","320","4.65","2921005087200"
"001620","케이비아이동국실업","KOSPI","운송장비·부품","2445","25","1.03","54422291670"
"029460","케이씨","KOSPI","의료·정밀기기","33350","-200","-0.60","367534842250"
"281820","케이씨텍","KOSPI","의료·정밀기기","91600","1500","1.66","1813557347600"
"381970","케이카","KOSPI","유통","9190","10","0.11","448663593120"
"145270","케이탑리츠","KOSPI","부동산","777","-2","-0.26","37343221398"
"417310","코람코더원리츠","KOSPI","부동산","10200","40","0.39","412080000000"
"357120","코람코라이프인프라리츠","KOSPI","부동산","4370","190","4.55","425355496980"
"007815","코리아써우","KOSPI","전기·전자","30500","600","2.01","90423045000"
"007810","코리아써키트","KOSPI","전기·전자","141900","10000","7.58","3403133778000"
"00781K","코리아써키트2우B","KOSPI","전기·전자","26500","1800","7.29","20768023500"
"003690","코리안리","KOSPI","보험","13930","-70","-0.50","2461723961830"
"192820","코스맥스","KOSPI","화학","168900","1900","1.14","1916932070100"
"044820","코스맥스비티아이","KOSPI","기타금융","18010","20","0.11","172966617210"
"005070","코스모신소재","KOSPI","화학","46250","-300","-0.64","1536173908750"
"005420","코스모화학","KOSPI","화학","13080","-170","-1.28","502379622240"
"071950","코아스","KOSPI","기타제조","1888","-13","-0.68","23522960160"
"002020","코오롱","KOSPI","기타금융","55100","400","0.73","711213168000"
"003070","코오롱글로벌","KOSPI","건설","9710","-20","-0.21","246866641890"
"003075","코오롱글로벌우","KOSPI","건설","14510","210","1.47","10748093870"
"002025","코오롱우","KOSPI","기타금융","25400","300","1.20","29475099800"
"120110","코오롱인더","KOSPI","화학","71100","-1800","-2.47","2129162875200"
"120115","코오롱인더우","KOSPI","화학","25700","-150","-0.58","71134002000"
"021240","코웨이","KOSPI","일반서비스","91800","600","0.66","6496449706800"
"036420","콘텐트리중앙","KOSPI","오락·문화","4995","0","0.00","96215228460"
"024720","콜마홀딩스","KOSPI","기타금융","8410","50","0.60","288431538190"
"192400","쿠쿠홀딩스","KOSPI","기타금융","26000","-50","-0.19","924616810000"
"284740","쿠쿠홈시스","KOSPI","일반서비스","22250","-550","-2.41","499230592500"
"264900","크라운제과","KOSPI","음식료·담배","8400","60","0.72","105200340000"
"26490K","크라운제과우","KOSPI","음식료·담배","8190","0","0.00","6335456400"
"005740","크라운해태홀딩스","KOSPI","기타금융","5960","110","1.88","88490188120"
"005745","크라운해태홀딩스우","KOSPI","기타금융","5930","120","2.07","3562305180"
"259960","크래프톤","KOSPI","IT 서비스","247000","10000","4.22","11395837271000"
"020120","키다리스튜디오","KOSPI","IT 서비스","3280","75","2.34","121569152480"
"039490","키움증권","KOSPI","증권","369000","-21000","-5.38","9678248604000"
"014580","태경비케이","KOSPI","비금속","4085","-10","-0.24","112676963500"
"015890","태경산업","KOSPI","화학","4790","25","0.52","140005712500"
"006890","태경케미컬","KOSPI","화학","6520","-40","-0.61","75632000000"
"003240","태광산업","KOSPI","화학","921000","-15000","-1.60","1025441400000"
"011280","태림포장","KOSPI","종이·목재","2095","10","0.48","148338444300"
"004100","태양금속","KOSPI","운송장비·부품","3080","80","2.67","113036000000"
"004105","태양금속우","KOSPI","운송장비·부품","3695","25","0.68","12193500000"
"009410","태영건설","KOSPI","건설","1836","-2","-0.11","546375383208"
"009415","태영건설우","KOSPI","건설","9140","-560","-5.77","5940762360"
"001420","태원물산","KOSPI","운송장비·부품","2380","0","0.00","18088000000"
"055490","테이팩스","KOSPI","화학","17160","-640","-3.60","82138914000"
"078000","텔코웨어","KOSPI","IT 서비스","14330","40","0.28","132410303410"
"214420","토니모리","KOSPI","화학","5610","0","0.00","134947422390"
"091810","트리니티항공","KOSPI","운송·창고","903","-12","-1.31","372911444955"
"019180","티에이치엔","KOSPI","전기·전자","7350","-150","-2.00","132300000000"
"217590","티엠씨","KOSPI","전기·전자","18590","-1110","-5.63","447911642750"
"363280","티와이홀딩스","KOSPI","기타금융","2025","-5","-0.25","92132099325"
"36328K","티와이홀딩스우","KOSPI","기타금융","3095","-35","-1.12","3636467155"
"004870","티웨이홀딩스","KOSPI","비금속","361","21","6.18","40852021334"
"034230","파라다이스","KOSPI","오락·문화","15100","-360","-2.33","1398703668200"
"005690","파미셀","KOSPI","전기·전자","14800","180","1.23","888059407200"
"036580","팜스코","KOSPI","음식료·담배","2560","-40","-1.54","94023534080"
"004720","팜젠사이언스","KOSPI","제약","3140","0","0.00","71134706100"
"028670","팬오션","KOSPI","운송·창고","5370","30","0.56","2870638279440"
"010820","퍼스텍","KOSPI","금속","8140","-700","-7.92","397003575320"
"016800","퍼시스","KOSPI","기타제조","27000","-400","-1.46","310500000000"
"001020","페이퍼코리아","KOSPI","종이·목재","2310","20","0.87","82228289220"
"090080","평화산업","KOSPI","운송장비·부품","891","3","0.34","48917912769"
"010770","평화홀딩스","KOSPI","운송장비·부품","4180","-70","-1.65","61134447880"
"022100","포스코DX","KOSPI","일반서비스","27800","-300","-1.07","4226565466200"
"058430","포스코스틸리온","KOSPI","금속","6580","970","17.29","394800000000"
"047050","포스코인터내셔널","KOSPI","유통","59700","-5600","-8.58","10502590443600"
"003670","포스코퓨처엠","KOSPI","전기·전자","209500","500","0.24","18634233090000"
"017810","풀무원","KOSPI","음식료·담배","9980","-110","-1.09","380443009160"
"103140","풍산","KOSPI","금속","76100","-2000","-2.56","2132647555800"
"005810","풍산홀딩스","KOSPI","기타금융","39050","-150","-0.38","562995252600"
"950210","프레스티지바이오파마","KOSPI","일반서비스","7120","120","1.71","427884623600"
"009810","플레이그램","KOSPI","유통","1902","-4","-0.21","28889002500"
"086790","하나금융지주","KOSPI","기타금융","126800","-5200","-3.94","34789830446400"
"293480","하나제약","KOSPI","제약","9260","-10","-0.11","164577479960"
"039130","하나투어","KOSPI","일반서비스","37900","50","0.13","587068422800"
"352820","하이브","KOSPI","오락·문화","235500","12500","5.61","10150579639500"
"071090","하이스틸","KOSPI","금속","3520","270","8.31","71073977920"
"000080","하이트진로","KOSPI","음식료·담배","15920","-90","-0.56","1116527087120"
"000087","하이트진로2우B","KOSPI","음식료·담배","12970","20","0.15","14657889860"
"000140","하이트진로홀딩스","KOSPI","기타금융","8360","-40","-0.48","194008555400"
"000145","하이트진로홀딩스우","KOSPI","기타금융","9730","-60","-0.61","4580981300"
"036460","한국가스공사","KOSPI","전기·가스","36050","-300","-0.83","3327883650000"
"005430","한국공항","KOSPI","운송·창고","86100","1100","1.29","272623165500"
"071050","한국금융지주","KOSPI","기타금융","240000","-12500","-4.95","13374238080000"
"071055","한국금융지주우","KOSPI","기타금융","164600","-4400","-2.60","964268114600"
"010040","한국내화","KOSPI","비금속","1618","-8","-0.49","66446506316"
"025540","한국단자","KOSPI","전기·전자","77600","300","0.39","784924000000"
"010100","한국무브넥스","KOSPI","운송장비·부품","4050","-85","-2.06","123324201000"
"004090","한국석유","KOSPI","비금속","11910","-190","-1.57","151186969200"
"002200","한국수출포장","KOSPI","종이·목재","2565","10","0.39","85927348665"
"002960","한국쉘석유","KOSPI","화학","493000","-6000","-1.20","640900000000"
"000240","한국앤컴퍼니","KOSPI","기타금융","25550","-2450","-8.75","2425595382000"
"123890","한국자산신탁","KOSPI","기타금융","2355","-35","-1.46","288190595730"
"015760","한국전력","KOSPI","전기·가스","40500","700","1.76","25999545118500"
"006200","한국전자홀딩스","KOSPI","기타금융","2445","-40","-1.61","22886733015"
"027970","한국제지","KOSPI","종이·목재","619","5","0.81","117703295680"
"023350","한국종합기술","KOSPI","일반서비스","4625","40","0.87","50643750000"
"025890","한국주강","KOSPI","기계·장비","2080","5","0.24","23180801280"
"000970","한국주철관","KOSPI","금속","6820","20","0.29","155499410000"
"104700","한국철강","KOSPI","금속","8980","0","0.00","327321000000"
"017960","한국카본","KOSPI","금속","34900","-750","-2.10","1803509361400"
"161890","한국콜마","KOSPI","화학","88400","2700","3.15","2086688806800"
"161390","한국타이어앤테크놀로지","KOSPI","화학","67800","-3200","-4.51","8398729678200"
"034830","한국토지신탁","KOSPI","기타금융","1259","-19","-1.49","317883940570"
"007280","한국특강","KOSPI","금속","2195","-45","-2.01","62879155300"
"047810","한국항공우주","KOSPI","운송장비·부품","155600","700","0.45","15167126649200"
"123690","한국화장품","KOSPI","유통","6990","10","0.14","112315320000"
"003350","한국화장품제조","KOSPI","화학","8290","90","1.10","187851400000"
"011500","한농화성","KOSPI","화학","16840","0","0.00","263327787280"
"002390","한독","KOSPI","제약","8050","-30","-0.37","110796440650"
"053690","한미글로벌","KOSPI","일반서비스","20900","250","1.21","229012795000"
"042700","한미반도체","KOSPI","기계·장비","319500","-9000","-2.74","30452247900000"
"008930","한미사이언스","KOSPI","기타금융","31350","450","1.46","2144075092500"
"128940","한미약품","KOSPI","제약","446500","21000","4.94","5720107481500"
"009240","한샘","KOSPI","유통","35100","150","0.43","826040872800"
"020000","한섬","KOSPI","섬유·의류","21900","-800","-3.52","470346168600"
"003680","한성기업","KOSPI","음식료·담배","4590","0","0.00","28501673850"
"105630","한세실업","KOSPI","섬유·의류","9040","-70","-0.77","361600000000"
"069640","한세엠케이","KOSPI","유통","993","-22","-2.17","22246428243"
"016450","한세예스24홀딩스","KOSPI","섬유·의류","4510","-20","-0.44","180400000000"
"009180","한솔로지스틱스","KOSPI","운송·창고","2855","-30","-1.04","80384880375"
"213500","한솔제지","KOSPI","종이·목재","6890","-10","-0.14","163985968640"
"014680","한솔케미칼","KOSPI","화학","301000","2000","0.67","3314882599000"
"004710","한솔테크닉스","KOSPI","전기·전자","15340","3540","30.00","623256790780"
"004150","한솔홀딩스","KOSPI","기타금융","3625","125","3.57","148721497500"
"025750","한솔홈데코","KOSPI","종이·목재","2060","25","1.23","33192839740"
"004960","한신공영","KOSPI","건설","11270","-460","-3.92","130401811540"
"011700","한신기계","KOSPI","기계·장비","2930","15","0.51","95067222430"
"001750","한양증권","KOSPI","증권","20100","-2600","-11.45","255843533400"
"001755","한양증권우","KOSPI","증권","20000","-3850","-16.14","10500000000"
"018880","한온시스템","KOSPI","기계·장비","4865","-325","-6.26","4992767315480"
"009420","한올바이오파마","KOSPI","제약","56000","3900","7.49","2925475728000"
"014130","한익스프레스","KOSPI","운송·창고","2345","10","0.43","28140000000"
"300720","한일시멘트","KOSPI","비금속","14500","-650","-4.29","1066405530500"
"002220","한일철강","KOSPI","금속","5090","-290","-5.39","135890071400"
"003300","한일홀딩스","KOSPI","비금속","17620","170","0.97","543250043280"
"051600","한전KPS","KOSPI","건설","52100","-200","-0.38","2344500000000"
"052690","한전기술","KOSPI","일반서비스","135300","700","0.52","5171166000000"
"130660","한전산업","KOSPI","일반서비스","13950","80","0.58","454770000000"
"002320","한진","KOSPI","운송·창고","17020","20","0.12","264126844320"
"003480","한진중공업홀딩스","KOSPI","전기·가스","4925","-95","-1.89","145434324100"
"180640","한진칼","KOSPI","기타금융","122600","-5300","-4.14","8185055405400"
"18064K","한진칼우","KOSPI","기타금융","29600","-750","-2.47","15888273600"
"005110","한창","KOSPI","유통","1254","0","0.00","26467434378"
"009460","한창제지","KOSPI","종이·목재","2500","30","1.21","29833742500"
"372910","한컴라이프케어","KOSPI","의료·정밀기기","2035","10","0.49","56317416210"
"000880","한화","KOSPI","화학","129000","3700","2.95","9095521551000"
"00088K","한화3우B","KOSPI","화학","44550","1400","3.24","864467846550"
"452260","한화갤러리아","KOSPI","유통","2810","40","1.44","544745504100"
"45226K","한화갤러리아우","KOSPI","유통","5560","130","2.39","16148853200"
"451800","한화리츠","KOSPI","부동산","4810","35","0.73","863876000000"
"489790","한화비전","KOSPI","전기·전자","72000","500","0.70","3635164080000"
"088350","한화생명","KOSPI","보험","5700","150","2.70","4950621000000"
"000370","한화손해보험","KOSPI","보험","6950","-200","-2.80","811335459250"
"009830","한화솔루션","KOSPI","화학","41300","-900","-2.13","7099161736800"
"009835","한화솔루션우","KOSPI","화학","22050","-450","-2.00","56786445450"
"272210","한화시스템","KOSPI","전기·전자","105300","-1100","-1.03","19893211661700"
"012450","한화에어로스페이스","KOSPI","운송장비·부품","1224000","41000","3.47","63113602824000"
"082740","한화엔진","KOSPI","기계·장비","65500","6200","10.46","5465787801000"
"042660","한화오션","KOSPI","운송장비·부품","133100","3900","3.02","40783622741400"
"003530","한화투자증권","KOSPI","증권","5930","0","0.00","1272268305750"
"003535","한화투자증권우","KOSPI","증권","7070","-140","-1.94","33936000000"
"195870","해성디에스","KOSPI","전기·전자","81200","-900","-1.10","1380400000000"
"101530","해태제과식품","KOSPI","음식료·담배","5870","-40","-0.68","170915745140"
"143210","핸즈코퍼레이션","KOSPI","운송장비·부품","1199","0","0.00","26229020653"
"000720","현대건설","KOSPI","건설","139300","-8500","-5.75","15511858064500"
"000725","현대건설우","KOSPI","건설","59000","-1300","-2.16","62226887000"
"453340","현대그린푸드","KOSPI","유통","17490","-10","-0.06","567928056630"
"086280","현대글로비스","KOSPI","운송·창고","220000","-2000","-0.90","16500000000000"
"064350","현대로템","KOSPI","운송장비·부품","219000","-7500","-3.31","23902162167000"
"079430","현대리바트","KOSPI","기타제조","6480","-50","-0.77","130340028960"
"012330","현대모비스","KOSPI","운송장비·부품","631000","-29000","-4.39","57252259873000"
"069960","현대백화점","KOSPI","유통","207000","8600","4.33","4463936784000"
"004560","현대비앤지스틸","KOSPI","금속","13510","-290","-2.10","203714736610"
"004310","현대약품","KOSPI","제약","8110","510","6.71","259520000000"
"017800","현대엘리베이터","KOSPI","기계·장비","82500","-100","-0.12","3225121762500"
"307950","현대오토에버","KOSPI","IT 서비스","691000","-25000","-3.49","18949971562000"
"011210","현대위아","KOSPI","운송장비·부품","83200","-2900","-3.37","2262630905600"
"004020","현대제철","KOSPI","금속","34900","-950","-2.65","4657257896500"
"005440","현대지에프홀딩스","KOSPI","기타금융","13850","-500","-3.48","2159274568850"
"005380","현대차","KOSPI","운송장비·부품","618000","-22000","-3.44","126540299388000"
"005387","현대차2우B","KOSPI","운송장비·부품","248000","-5000","-1.98","8671054640000"
"005389","현대차3우B","KOSPI","운송장비·부품","237000","-6000","-2.47","551606124000"
"005385","현대차우","KOSPI","운송장비·부품","247500","-5500","-2.17","5776887600000"
"001500","현대차증권","KOSPI","증권","9450","-210","-2.17","584322265800"
"011760","현대코퍼레이션","KOSPI","유통","26000","-200","-0.76","343953116000"
"227840","현대코퍼레이션홀딩스","KOSPI","유통","12080","-130","-1.06","109938098880"
"126560","현대퓨처넷","KOSPI","통신","3060","-50","-1.61","334155182400"
"001450","현대해상","KOSPI","보험","40150","-1100","-2.67","3422717237500"
"057050","현대홈쇼핑","KOSPI","유통","83300","-2500","-2.91","999600000000"
"093240","형지엘리트","KOSPI","섬유·의류","702","0","0.00","43095961818"
"003010","혜인","KOSPI","유통","5120","20","0.39","65089264640"
"111110","호전실업","KOSPI","섬유·의류","6670","-10","-0.15","60470220000"
"008770","호텔신라","KOSPI","유통","57800","-2000","-3.34","2268541393800"
"008775","호텔신라우","KOSPI","유통","33300","500","1.52","25037570700"
"378850","화승알앤에이","KOSPI","운송장비·부품","3130","-20","-0.63","59450039990"
"241590","화승엔터프라이즈","KOSPI","섬유·의류","3585","-25","-0.69","217212554460"
"006060","화승인더","KOSPI","유통","2740","-25","-0.90","151576800000"
"013520","화승코퍼레이션","KOSPI","운송장비·부품","2625","25","0.96","131384536500"
"010690","화신","KOSPI","운송장비·부품","13310","-700","-5.00","464790657100"
"133820","화인베스틸","KOSPI","금속","1134","34","3.09","42087845268"
"010660","화천기계","KOSPI","기계·장비","2985","-45","-1.49","65670000000"
"000850","화천기공","KOSPI","기계·장비","33100","-200","-0.60","72820000000"
"016580","환인제약","KOSPI","제약","10280","0","0.00","191208719600"
"032560","황금에스티","KOSPI","금속","5470","-90","-1.62","92990000000"
"004800","효성","KOSPI","기타금융","198400","1600","0.81","3321296748800"
"094280","효성ITX","KOSPI","일반서비스","12300","-40","-0.32","142165860000"
"298040","효성중공업","KOSPI","전기·전자","3855000","-37000","-0.95","35946132540000"
"298020","효성티앤씨","KOSPI","화학","353000","-1500","-0.42","1527671746000"
"298000","효성화학","KOSPI","화학","67400","15500","29.87","255568061400"
"093370","후성","KOSPI","화학","17580","-1620","-8.44","1885548701400"
"005870","휴니드","KOSPI","전기·전자","5740","-60","-1.03","81025926100"
"079980","휴비스","KOSPI","화학","2070","15","0.73","71415000000"
"005010","휴스틸","KOSPI","금속","4765","10","0.21","267736177375"
"000540","흥국화재","KOSPI","보험","3640","-145","-3.83","233843227800"
"000545","흥국화재우","KOSPI","보험","6000","-60","-0.99","4608000000"
"003280","흥아해운","KOSPI","운송·창고","1861","-76","-3.92","447430737039"